{"cameraMode":{"drawMode":0,"name":"Shaded","section":"Shading Mode"},"sceneLighting":false,"audioPlay":false,"sceneViewState":{"m_AlwaysRefresh":false,"showFog":true,"showSkybox":true,"showFlares":true,"showImageEffects":true,"showParticleSystems":true,"showVisualEffectGraphs":true,"m_FxEnabled":true},"in2DMode":false,"pivot":{"x":-2.3961148262023927,"y":4.705781936645508,"z":2.701935291290283},"rotation":{"x":-0.03747072070837021,"y":-0.03266160190105438,"z":-0.0012109639355912805,"w":0.9987716674804688},"size":0.8660253882408142,"orthographic":false}