{"cameraMode":{"drawMode":0,"name":"Shaded","section":"Shading Mode"},"sceneLighting":false,"audioPlay":false,"sceneViewState":{"m_AlwaysRefresh":false,"showFog":true,"showSkybox":true,"showFlares":true,"showImageEffects":true,"showParticleSystems":true,"showVisualEffectGraphs":true,"m_FxEnabled":true},"in2DMode":false,"pivot":{"x":91.35559844970703,"y":1407.918701171875,"z":-41.39277648925781},"rotation":{"x":-0.026605121791362764,"y":0.16893424093723298,"z":0.00457121804356575,"w":0.9852572679519653},"size":103.07764434814453,"orthographic":false}