{"cameraMode":{"drawMode":0,"name":"Shaded","section":"Shading Mode"},"sceneLighting":true,"audioPlay":false,"sceneViewState":{"m_AlwaysRefresh":false,"showFog":true,"showSkybox":true,"showFlares":true,"showImageEffects":true,"showParticleSystems":true,"showVisualEffectGraphs":true,"m_FxEnabled":true},"in2DMode":false,"pivot":{"x":26.892499923706056,"y":3.061422348022461,"z":-5.132812023162842},"rotation":{"x":-0.014689297415316105,"y":-0.4210670292377472,"z":-0.006806238554418087,"w":0.906868040561676},"size":0.7145881056785584,"orthographic":false}