{"cameraMode":{"drawMode":0,"name":"Shaded","section":"Shading Mode"},"sceneLighting":false,"audioPlay":false,"sceneViewState":{"m_AlwaysRefresh":false,"showFog":true,"showSkybox":false,"showFlares":true,"showImageEffects":true,"showParticleSystems":true,"showVisualEffectGraphs":true,"m_FxEnabled":true},"in2DMode":false,"pivot":{"x":482.9356689453125,"y":952.0213623046875,"z":-1130.043701171875},"rotation":{"x":0.019497880712151529,"y":-0.014685924164950848,"z":0.0003016830887645483,"w":0.9997104406356812},"size":100.774658203125,"orthographic":false}