{"cameraMode":{"drawMode":0,"name":"Shaded","section":"Shading Mode"},"sceneLighting":true,"audioPlay":false,"sceneViewState":{"m_AlwaysRefresh":false,"showFog":true,"showSkybox":false,"showFlares":true,"showImageEffects":true,"showParticleSystems":true,"showVisualEffectGraphs":true,"m_FxEnabled":true},"in2DMode":false,"pivot":{"x":-0.5584720373153687,"y":1.9848190546035767,"z":-4.499658584594727},"rotation":{"x":0.03143996000289917,"y":-0.05815497040748596,"z":-0.0018423468573018909,"w":-0.9977995753288269},"size":1.2247449159622193,"orthographic":false}