{"cameraMode":{"drawMode":0,"name":"Shaded","section":"Shading Mode"},"sceneLighting":true,"audioPlay":false,"sceneViewState":{"m_AlwaysRefresh":false,"showFog":true,"showSkybox":false,"showFlares":true,"showImageEffects":true,"showParticleSystems":true,"showVisualEffectGraphs":true,"m_FxEnabled":true},"in2DMode":false,"pivot":{"x":-2.101140022277832,"y":2.1380176544189455,"z":-3.824152946472168},"rotation":{"x":-0.035722170025110248,"y":-0.3036210238933563,"z":0.011381064541637898,"w":-0.9520443677902222},"size":1.2247449159622193,"orthographic":false}