{"cameraMode":{"drawMode":0,"name":"Shaded","section":"Shading Mode"},"sceneLighting":false,"audioPlay":false,"sceneViewState":{"m_AlwaysRefresh":false,"showFog":true,"showSkybox":false,"showFlares":true,"showImageEffects":true,"showParticleSystems":true,"showVisualEffectGraphs":true,"m_FxEnabled":true},"in2DMode":false,"pivot":{"x":0.3838548958301544,"y":0.6526928544044495,"z":-0.05043477937579155},"rotation":{"x":0.0044872756116092209,"y":0.9627377986907959,"z":-0.26987898349761965,"w":0.0158635713160038},"size":1.2247449159622193,"orthographic":false}