{"cameraMode":{"drawMode":0,"name":"Shaded","section":"Shading Mode"},"sceneLighting":false,"audioPlay":false,"sceneViewState":{"m_AlwaysRefresh":false,"showFog":true,"showSkybox":false,"showFlares":true,"showImageEffects":true,"showParticleSystems":true,"showVisualEffectGraphs":true,"m_FxEnabled":true},"in2DMode":false,"pivot":{"x":0.844362735748291,"y":0.8693267107009888,"z":38.178531646728519},"rotation":{"x":0.17024113237857819,"y":-0.35130801796913149,"z":0.06515549123287201,"w":0.918342649936676},"size":7.9435906410217289,"orthographic":false}