{"cameraMode":{"drawMode":0,"name":"Shaded","section":"Shading Mode"},"sceneLighting":false,"audioPlay":false,"sceneViewState":{"m_AlwaysRefresh":false,"showFog":true,"showSkybox":false,"showFlares":true,"showImageEffects":true,"showParticleSystems":true,"showVisualEffectGraphs":true,"m_FxEnabled":true},"in2DMode":false,"pivot":{"x":0.353466272354126,"y":-0.27534303069114687,"z":0.28900325298309328},"rotation":{"x":0.08062860369682312,"y":0.44019782543182375,"z":-0.03971865400671959,"w":0.8933920860290527},"size":1.2247449159622193,"orthographic":false}