{"cameraMode":{"drawMode":0,"name":"Shaded","section":"Shading Mode"},"sceneLighting":false,"audioPlay":false,"sceneViewState":{"m_AlwaysRefresh":false,"showFog":true,"showSkybox":false,"showFlares":true,"showImageEffects":true,"showParticleSystems":true,"showVisualEffectGraphs":true,"m_FxEnabled":true},"in2DMode":false,"pivot":{"x":2.798837900161743,"y":19.517059326171876,"z":140.38995361328126},"rotation":{"x":0.11981751024723053,"y":-0.14949779212474824,"z":0.018265103921294214,"w":0.9812993407249451},"size":8.908788681030274,"orthographic":false}